"Family","SubFamily","ObjectGroup","ObjectName","ObjectID","Assembly Code","Assembly Description","Description","Type Comments","Type Name","Structural Material","Material"
"Cable Trays","","","Cable Tray with Fittings","[3168486]","","","","","","","",""
"Cable Trays","","","Cable Tray with Fittings","[3176162]","","","","","","","",""
"Cable Trays","","","Cable Tray with Fittings","[3277508]","","","","","","","",""
"Cable Trays","","","Cable Tray with Fittings","[3277970]","","","","","","","",""
"Cable Trays","","","Cable Tray with Fittings","[3280602]","","","","","","","",""
"Cable Trays","","","Cable Tray with Fittings","[3444284]","","","","","","","",""
"Cable Trays","","","Cable Tray with Fittings","[3455107]","","","","","","","",""
"Cable Trays","","","Cable Tray with Fittings","[3455114]","","","","","","","",""
"Cable Trays","","","Cable Tray with Fittings","[3455119]","","","","","","","",""
"Cable Trays","","","Cable Tray with Fittings","[3457833]","","","","","","","",""
"Cable Trays","","","Cable Tray with Fittings","[3457870]","","","","","","","",""
"Cable Trays","","","Cable Tray with Fittings","[3457881]","","","","","","","",""
"Cable Trays","","","Cable Tray with Fittings","[3457892]","","","","","","","",""
"Cable Trays","","","Cable Tray with Fittings","[3457897]","","","","","","","",""
"Cable Trays","","","Cable Tray with Fittings","[3457904]","","","","","","","",""
"Cable Trays","","","Cable Tray with Fittings","[3463922]","","","","","","","",""
"Cable Trays","","","Cable Tray with Fittings","[3464092]","","","","","","","",""
"Cable Trays","","","Cable Tray with Fittings","[3465017]","","","","","","","",""
"Cable Trays","","","Cable Tray with Fittings","[3465711]","","","","","","","",""
"Cable Trays","","","Cable Tray with Fittings","[3465756]","","","","","","","",""
"Cable Trays","","","Cable Tray with Fittings","[3466402]","","","","","","","",""
"Cable Trays","","","Cable Tray with Fittings","[3477128]","","","","","","","",""
"Cable Trays","","","Cable Tray with Fittings","[3479065]","","","","","","","",""
"Cable Trays","","","Cable Tray with Fittings","[3479812]","","","","","","","",""
"Cable Trays","","","Cable Tray with Fittings","[3479895]","","","","","","","",""
"Cable Trays","","","Cable Tray with Fittings","[3480014]","","","","","","","",""
"Cable Trays","","","Cable Tray with Fittings","[3480883]","","","","","","","",""
"Cable Trays","","","Cable Tray with Fittings","[3481026]","","","","","","","",""
"Cable Trays","","","Cable Tray with Fittings","[3488713]","","","","","","","",""
"Cable Trays","","","Cable Tray with Fittings","[3488801]","","","","","","","",""
"Cable Trays","","","Cable Tray with Fittings","[3491221]","","","","","","","",""
"Cable Trays","","","Cable Tray with Fittings","[3491335]","","","","","","","",""
"Cable Trays","","","Cable Tray with Fittings","[3491336]","","","","","","","",""
"Cable Trays","","","Cable Tray with Fittings","[3494966]","","","","","","","",""
"Cable Trays","","","Cable Tray with Fittings","[3494977]","","","","","","","",""
"Cable Trays","","","Cable Tray with Fittings","[3495055]","","","","","","","",""
"Cable Trays","","","Cable Tray with Fittings","[3495852]","","","","","","","",""
"Cable Trays","","","Cable Tray with Fittings","[3495856]","","","","","","","",""
"Cable Trays","","","Cable Tray with Fittings","[3495858]","","","","","","","",""
"Cable Trays","","","Cable Tray with Fittings","[3495859]","","","","","","","",""
"Cable Trays","","","Cable Tray with Fittings","[3495861]","","","","","","","",""
"Cable Trays","","","Cable Tray with Fittings","[3495862]","","","","","","","",""
"Cable Trays","","","Cable Tray with Fittings","[3495864]","","","","","","","",""
"Cable Trays","","","Cable Tray with Fittings","[3495866]","","","","","","","",""
"Cable Trays","","","Cable Tray with Fittings","[3495869]","","","","","","","",""
"Cable Trays","","","Cable Tray with Fittings","[3495870]","","","","","","","",""
"Cable Trays","","","Cable Tray with Fittings","[3495889]","","","","","","","",""
"Cable Trays","","","Cable Tray with Fittings","[3498813]","","","","","","","",""
"Cable Trays","","","Cable Tray with Fittings","[3499051]","","","","","","","",""
"Cable Trays","","","Cable Tray with Fittings","[3499413]","","","","","","","",""
"Cable Trays","","","Cable Tray with Fittings","[3500051]","","","","","","","",""
"Cable Trays","","","Cable Tray with Fittings","[3500063]","","","","","","","",""
"Cable Trays","","","Cable Tray with Fittings","[3500492]","","","","","","","",""
"Cable Trays","","","Cable Tray with Fittings","[3501402]","","","","","","","",""
"Cable Trays","","","Cable Tray with Fittings","[3501631]","","","","","","","",""
"Cable Trays","","","Cable Tray with Fittings","[3502160]","","","","","","","",""
"Cable Trays","","","Cable Tray with Fittings","[3503602]","","","","","","","",""
"Cable Trays","","","Cable Tray with Fittings","[3504043]","","","","","","","",""
"Cable Trays","","","Cable Tray with Fittings","[3504044]","","","","","","","",""
"Cable Trays","","","Cable Tray with Fittings","[3512932]","","","","","","","",""
"Cable Trays","","","Cable Tray with Fittings","[3513724]","","","","","","","",""
"Cable Trays","","","Cable Tray with Fittings","[3513738]","","","","","","","",""
"Cable Trays","","","Cable Tray with Fittings","[3515233]","","","","","","","",""
"Cable Trays","","","Cable Tray with Fittings","[3515291]","","","","","","","",""
"Cable Trays","","","Cable Tray with Fittings","[3522789]","","","","","","","",""
"Cable Trays","","","Cable Tray with Fittings","[3527808]","","","","","","","",""
"Cable Trays","","","Cable Tray with Fittings","[3527810]","","","","","","","",""
"Cable Trays","","","Cable Tray with Fittings","[3528569]","","","","","","","",""
"Cable Trays","","","Cable Tray with Fittings","[3528621]","","","","","","","",""
"Cable Trays","","","Cable Tray with Fittings","[3528673]","","","","","","","",""
"Cable Trays","","","Cable Tray with Fittings","[3529119]","","","","","","","",""
"Cable Trays","","","Cable Tray with Fittings","[3529218]","","","","","","","",""
"Cable Trays","","","Cable Tray with Fittings","[3529893]","","","","","","","",""
"Cable Trays","","","Cable Tray with Fittings","[3530000]","","","","","","","",""
"Cable Trays","","","Cable Tray with Fittings","[3530532]","","","","","","","",""
"Cable Trays","","","Cable Tray with Fittings","[3530645]","","","","","","","",""
"Cable Trays","","","Cable Tray with Fittings","[3533021]","","","","","","","",""
"Cable Trays","","","Cable Tray with Fittings","[3533090]","","","","","","","",""
"Cable Trays","","","Cable Tray with Fittings","[3533097]","","","","","","","",""
"Cable Trays","","","Cable Tray with Fittings","[3533148]","","","","","","","",""
"Cable Trays","","","Cable Tray with Fittings","[3533304]","","","","","","","",""
"Cable Trays","","","Cable Tray with Fittings","[3533652]","","","","","","","",""
"Cable Trays","","","Cable Tray with Fittings","[3533748]","","","","","","","",""
"Cable Trays","","","Cable Tray with Fittings","[3534615]","","","","","","","",""
"Cable Trays","","","Cable Tray with Fittings","[3534688]","","","","","","","",""
"Cable Trays","","","Cable Tray with Fittings","[3534901]","","","","","","","",""
"Cable Trays","","","Cable Tray with Fittings","[3534940]","","","","","","","",""
"Cable Trays","","","Cable Tray with Fittings","[3535132]","","","","","","","",""
"Cable Trays","","","Cable Tray with Fittings","[3535185]","","","","","","","",""
"Cable Trays","","","Cable Tray with Fittings","[3535233]","","","","","","","",""
"Cable Trays","","","Cable Tray with Fittings","[3535352]","","","","","","","",""
"Cable Trays","","","Cable Tray with Fittings","[3535732]","","","","","","","",""
"Cable Trays","","","Cable Tray with Fittings","[3538744]","","","","","","","",""
"Cable Trays","","","Cable Tray with Fittings","[3538753]","","","","","","","",""
"Cable Trays","","","Cable Tray with Fittings","[3538806]","","","","","","","",""
"Cable Trays","","","Cable Tray with Fittings","[3538815]","","","","","","","",""
"Cable Trays","","","Cable Tray with Fittings","[3538856]","","","","","","","",""
"Cable Trays","","","Cable Tray with Fittings","[3538865]","","","","","","","",""
"Cable Trays","","","Cable Tray with Fittings","[3539053]","","","","","","","",""
"Cable Trays","","","Cable Tray with Fittings","[3539781]","","","","","","","",""
"Cable Trays","","","Cable Tray with Fittings","[3539947]","","","","","","","",""
"Cable Trays","","","Cable Tray with Fittings","[3539957]","","","","","","","",""
"Cable Trays","","","Cable Tray with Fittings","[3540245]","","","","","","","",""
"Cable Trays","","","Cable Tray with Fittings","[3540254]","","","","","","","",""
"Cable Trays","","","Cable Tray with Fittings","[3540371]","","","","","","","",""
"Cable Trays","","","Cable Tray with Fittings","[3540378]","","","","","","","",""
"Cable Trays","","","Cable Tray with Fittings","[3542393]","","","","","","","",""
"Cable Trays","","","Cable Tray with Fittings","[3542394]","","","","","","","",""
"Cable Trays","","","Cable Tray with Fittings","[3542649]","","","","","","","",""
"Cable Trays","","","Cable Tray with Fittings","[3543103]","","","","","","","",""
"Cable Trays","","","Cable Tray with Fittings","[3543188]","","","","","","","",""
"Cable Trays","","","Cable Tray with Fittings","[3543464]","","","","","","","",""
"Cable Trays","","","Cable Tray with Fittings","[3543475]","","","","","","","",""
"Cable Trays","","","Cable Tray with Fittings","[3543708]","","","","","","","",""
"Cable Trays","","","Cable Tray with Fittings","[3545510]","","","","","","","",""
"Cable Trays","","","Cable Tray with Fittings","[3545961]","","","","","","","",""
"Cable Trays","","","Cable Tray with Fittings","[3547064]","","","","","","","",""
"Cable Trays","","","Cable Tray with Fittings","[3548357]","","","","","","","",""
"Cable Trays","","","Cable Tray with Fittings","[3548654]","","","","","","","",""
"Cable Trays","","","Cable Tray with Fittings","[3548664]","","","","","","","",""
"Cable Trays","","","Cable Tray with Fittings","[3551852]","","","","","","","",""
"Cable Trays","","","Cable Tray with Fittings","[3553783]","","","","","","","",""
"Cable Trays","","","Cable Tray with Fittings","[3554059]","","","","","","","",""
"Cable Trays","","","Cable Tray with Fittings","[3554060]","","","","","","","",""
"Cable Trays","","","Cable Tray with Fittings","[3554678]","","","","","","","",""
"Cable Trays","","","Cable Tray with Fittings","[3557478]","","","","","","","",""
"Cable Trays","","","Cable Tray with Fittings","[3557531]","","","","","","","",""
"Cable Trays","","","Cable Tray with Fittings","[3557532]","","","","","","","",""
"Cable Trays","","","Cable Tray with Fittings","[3558641]","","","","","","","",""
"Cable Trays","","","Cable Tray with Fittings","[3560763]","","","","","","","",""
"Cable Trays","","","Cable Tray with Fittings","[3560834]","","","","","","","",""
"Cable Trays","","","Cable Tray with Fittings","[3560835]","","","","","","","",""
"Cable Trays","","","Cable Tray with Fittings","[3563140]","","","","","","","",""
"Cable Trays","","","Cable Tray with Fittings","[3563257]","","","","","","","",""
"Cable Trays","","","Cable Tray with Fittings","[3565424]","","","","","","","",""
"Cable Trays","","","Cable Tray with Fittings","[3565431]","","","","","","","",""
"Cable Trays","","","Cable Tray with Fittings","[3566956]","","","","","","","",""
"Cable Trays","","","Cable Tray with Fittings","[3566972]","","","","","","","",""
"Cable Trays","","","Cable Tray with Fittings","[3567251]","","","","","","","",""
"Cable Trays","","","Cable Tray with Fittings","[3573771]","","","","","","","",""
"Cable Trays","","","Cable Tray with Fittings","[3574163]","","","","","","","",""
"Cable Tray Fittings","","","M_Channel Reducer","[3280642]","","","","","","","",""
"Cable Tray Fittings","","","M_Channel Reducer","[3480026]","","","","","","","",""
"Cable Tray Fittings","","","M_Channel Reducer","[3480096]","","","","","","","",""
"Cable Tray Fittings","","","M_Channel Reducer","[3480983]","","","","","","","",""
"Cable Tray Fittings","","","M_Channel Reducer","[3554066]","","","","","","","",""
"Cable Tray Fittings","","","M_Channel Reducer","[3567396]","","","","","","","",""
"Cable Tray Fittings","","","M_Channel Horizontal Bend","[3457880]","","","","","","","",""
"Cable Tray Fittings","","","M_Channel Horizontal Bend","[3457891]","","","","","","","",""
"Cable Tray Fittings","","","M_Channel Horizontal Bend","[3457896]","","","","","","","",""
"Cable Tray Fittings","","","M_Channel Horizontal Bend","[3491344]","","","","","","","",""
"Cable Tray Fittings","","","M_Channel Horizontal Bend","[3494976]","","","","","","","",""
"Cable Tray Fittings","","","M_Channel Horizontal Bend","[3494985]","","","","","","","",""
"Cable Tray Fittings","","","M_Channel Horizontal Bend","[3495865]","","","","","","","",""
"Cable Tray Fittings","","","M_Channel Horizontal Bend","[3495867]","","","","","","","",""
"Cable Tray Fittings","","","M_Channel Horizontal Bend","[3499420]","","","","","","","",""
"Cable Tray Fittings","","","M_Channel Horizontal Bend","[3500365]","","","","","","","",""
"Cable Tray Fittings","","","M_Channel Horizontal Bend","[3501640]","","","","","","","",""
"Cable Tray Fittings","","","M_Channel Horizontal Bend","[3504051]","","","","","","","",""
"Cable Tray Fittings","","","M_Channel Horizontal Bend","[3509905]","","","","","","","",""
"Cable Tray Fittings","","","M_Channel Horizontal Bend","[3512936]","","","","","","","",""
"Cable Tray Fittings","","","M_Channel Horizontal Bend","[3512996]","","","","","","","",""
"Cable Tray Fittings","","","M_Channel Horizontal Bend","[3515297]","","","","","","","",""
"Cable Tray Fittings","","","M_Channel Horizontal Bend","[3527811]","","","","","","","",""
"Cable Tray Fittings","","","M_Channel Horizontal Bend","[3533107]","","","","","","","",""
"Cable Tray Fittings","","","M_Channel Horizontal Bend","[3533754]","","","","","","","",""
"Cable Tray Fittings","","","M_Channel Horizontal Bend","[3535279]","","","","","","","",""
"Cable Tray Fittings","","","M_Channel Horizontal Bend","[3535360]","","","","","","","",""
"Cable Tray Fittings","","","M_Channel Horizontal Bend","[3539965]","","","","","","","",""
"Cable Tray Fittings","","","M_Channel Horizontal Bend","[3540377]","","","","","","","",""
"Cable Tray Fittings","","","M_Channel Horizontal Bend","[3540384]","","","","","","","",""
"Cable Tray Fittings","","","M_Channel Horizontal Bend","[3542657]","","","","","","","",""
"Cable Tray Fittings","","","M_Channel Horizontal Bend","[3543111]","","","","","","","",""
"Cable Tray Fittings","","","M_Channel Horizontal Bend","[3543196]","","","","","","","",""
"Cable Tray Fittings","","","M_Channel Horizontal Bend","[3543474]","","","","","","","",""
"Cable Tray Fittings","","","M_Channel Horizontal Bend","[3543481]","","","","","","","",""
"Cable Tray Fittings","","","M_Channel Horizontal Bend","[3546960]","","","","","","","",""
"Cable Tray Fittings","","","M_Channel Horizontal Bend","[3548662]","","","","","","","",""
"Cable Tray Fittings","","","M_Channel Horizontal Bend","[3553789]","","","","","","","",""
"Cable Tray Fittings","","","M_Channel Horizontal Bend","[3554061]","","","","","","","",""
"Cable Tray Fittings","","","M_Channel Horizontal Bend","[3560843]","","","","","","","",""
"Cable Tray Fittings","","","M_Channel Horizontal Bend","[3563148]","","","","","","","",""
"Cable Tray Fittings","","","M_Channel Horizontal Bend","[3564055]","","","","","","","",""
"Cable Tray Fittings","","","M_Channel Horizontal Bend","[3565430]","","","","","","","",""
"Cable Tray Fittings","","","M_Channel Horizontal Bend","[3567399]","","","","","","","",""
"Cable Tray Fittings","","","M_Channel Horizontal Bend","[3567400]","","","","","","","",""
"Cable Tray Fittings","","","M_Channel Horizontal Bend","[3568589]","","","","","","","",""
"Cable Tray Fittings","","","M_Channel Horizontal Bend","[3573783]","","","","","","","",""
"Cable Tray Fittings","","","M_Channel Horizontal Bend","[3574196]","","","","","","","",""
"Cable Tray Fittings","","","M_Channel Horizontal Bend","[3574197]","","","","","","","",""
"Cable Tray Fittings","","","M_Channel Vertical Inside Bend","[3465059]","","","","","","","",""
"Cable Tray Fittings","","","M_Channel Vertical Inside Bend","[3488807]","","","","","","","",""
"Cable Tray Fittings","","","M_Channel Vertical Inside Bend","[3489943]","","","","","","","",""
"Cable Tray Fittings","","","M_Channel Vertical Inside Bend","[3491617]","","","","","","","",""
"Cable Tray Fittings","","","M_Channel Vertical Inside Bend","[3495062]","","","","","","","",""
"Cable Tray Fittings","","","M_Channel Vertical Inside Bend","[3495863]","","","","","","","",""
"Cable Tray Fittings","","","M_Channel Vertical Inside Bend","[3499048]","","","","","","","",""
"Cable Tray Fittings","","","M_Channel Vertical Inside Bend","[3499906]","","","","","","","",""
"Cable Tray Fittings","","","M_Channel Vertical Inside Bend","[3500059]","","","","","","","",""
"Cable Tray Fittings","","","M_Channel Vertical Inside Bend","[3501641]","","","","","","","",""
"Cable Tray Fittings","","","M_Channel Vertical Inside Bend","[3504018]","","","","","","","",""
"Cable Tray Fittings","","","M_Channel Vertical Inside Bend","[3504052]","","","","","","","",""
"Cable Tray Fittings","","","M_Channel Vertical Inside Bend","[3512934]","","","","","","","",""
"Cable Tray Fittings","","","M_Channel Vertical Inside Bend","[3514457]","","","","","","","",""
"Cable Tray Fittings","","","M_Channel Vertical Inside Bend","[3515298]","","","","","","","",""
"Cable Tray Fittings","","","M_Channel Vertical Inside Bend","[3528685]","","","","","","","",""
"Cable Tray Fittings","","","M_Channel Vertical Inside Bend","[3529116]","","","","","","","",""
"Cable Tray Fittings","","","M_Channel Vertical Inside Bend","[3529230]","","","","","","","",""
"Cable Tray Fittings","","","M_Channel Vertical Inside Bend","[3533018]","","","","","","","",""
"Cable Tray Fittings","","","M_Channel Vertical Inside Bend","[3533670]","","","","","","","",""
"Cable Tray Fittings","","","M_Channel Vertical Inside Bend","[3533738]","","","","","","","",""
"Cable Tray Fittings","","","M_Channel Vertical Inside Bend","[3534698]","","","","","","","",""
"Cable Tray Fittings","","","M_Channel Vertical Inside Bend","[3535746]","","","","","","","",""
"Cable Tray Fittings","","","M_Channel Vertical Inside Bend","[3538750]","","","","","","","",""
"Cable Tray Fittings","","","M_Channel Vertical Inside Bend","[3538821]","","","","","","","",""
"Cable Tray Fittings","","","M_Channel Vertical Inside Bend","[3538862]","","","","","","","",""
"Cable Tray Fittings","","","M_Channel Vertical Inside Bend","[3540251]","","","","","","","",""
"Cable Tray Fittings","","","M_Channel Vertical Inside Bend","[3542395]","","","","","","","",""
"Cable Tray Fittings","","","M_Channel Vertical Inside Bend","[3542402]","","","","","","","",""
"Cable Tray Fittings","","","M_Channel Vertical Inside Bend","[3543714]","","","","","","","",""
"Cable Tray Fittings","","","M_Channel Vertical Inside Bend","[3547025]","","","","","","","",""
"Cable Tray Fittings","","","M_Channel Vertical Inside Bend","[3551866]","","","","","","","",""
"Cable Tray Fittings","","","M_Channel Vertical Inside Bend","[3554062]","","","","","","","",""
"Cable Tray Fittings","","","M_Channel Vertical Inside Bend","[3563289]","","","","","","","",""
"Cable Tray Fittings","","","M_Channel Vertical Inside Bend","[3564056]","","","","","","","",""
"Cable Tray Fittings","","","M_Channel Vertical Inside Bend","[3568229]","","","","","","","",""
"Cable Tray Fittings","","","M_Channel Vertical Inside Bend","[3568651]","","","","","","","",""
"Cable Tray Fittings","","","M_Channel Vertical Inside Bend","[3572740]","","","","","","","",""
"Cable Tray Fittings","","","M_Channel Vertical Inside Bend","[3572814]","","","","","","","",""
"Cable Tray Fittings","","","M_Channel Vertical Inside Bend","[3576116]","","","","","","","",""
"Cable Tray Fittings","","","M_Channel Vertical Inside Bend","[3576118]","","","","","","","",""
"Cable Tray Fittings","","","M_Channel Vertical Inside Bend","[3495860]","","","","","","","",""
"Cable Tray Fittings","","","M_Channel Vertical Outside Bend","[3465061]","","","","","","","",""
"Cable Tray Fittings","","","M_Channel Vertical Outside Bend","[3466410]","","","","","","","",""
"Cable Tray Fittings","","","M_Channel Vertical Outside Bend","[3488802]","","","","","","","",""
"Cable Tray Fittings","","","M_Channel Vertical Outside Bend","[3491345]","","","","","","","",""
"Cable Tray Fittings","","","M_Channel Vertical Outside Bend","[3495056]","","","","","","","",""
"Cable Tray Fittings","","","M_Channel Vertical Outside Bend","[3499421]","","","","","","","",""
"Cable Tray Fittings","","","M_Channel Vertical Outside Bend","[3501632]","","","","","","","",""
"Cable Tray Fittings","","","M_Channel Vertical Outside Bend","[3502507]","","","","","","","",""
"Cable Tray Fittings","","","M_Channel Vertical Outside Bend","[3504021]","","","","","","","",""
"Cable Tray Fittings","","","M_Channel Vertical Outside Bend","[3504045]","","","","","","","",""
"Cable Tray Fittings","","","M_Channel Vertical Outside Bend","[3512997]","","","","","","","",""
"Cable Tray Fittings","","","M_Channel Vertical Outside Bend","[3514460]","","","","","","","",""
"Cable Tray Fittings","","","M_Channel Vertical Outside Bend","[3515292]","","","","","","","",""
"Cable Tray Fittings","","","M_Channel Vertical Outside Bend","[3528575]","","","","","","","",""
"Cable Tray Fittings","","","M_Channel Vertical Outside Bend","[3528691]","","","","","","","",""
"Cable Tray Fittings","","","M_Channel Vertical Outside Bend","[3529215]","","","","","","","",""
"Cable Tray Fittings","","","M_Channel Vertical Outside Bend","[3529236]","","","","","","","",""
"Cable Tray Fittings","","","M_Channel Vertical Outside Bend","[3533306]","","","","","","","",""
"Cable Tray Fittings","","","M_Channel Vertical Outside Bend","[3534625]","","","","","","","",""
"Cable Tray Fittings","","","M_Channel Vertical Outside Bend","[3534925]","","","","","","","",""
"Cable Tray Fittings","","","M_Channel Vertical Outside Bend","[3535750]","","","","","","","",""
"Cable Tray Fittings","","","M_Channel Vertical Outside Bend","[3538759]","","","","","","","",""
"Cable Tray Fittings","","","M_Channel Vertical Outside Bend","[3538812]","","","","","","","",""
"Cable Tray Fittings","","","M_Channel Vertical Outside Bend","[3538869]","","","","","","","",""
"Cable Tray Fittings","","","M_Channel Vertical Outside Bend","[3539793]","","","","","","","",""
"Cable Tray Fittings","","","M_Channel Vertical Outside Bend","[3540262]","","","","","","","",""
"Cable Tray Fittings","","","M_Channel Vertical Outside Bend","[3542404]","","","","","","","",""
"Cable Tray Fittings","","","M_Channel Vertical Outside Bend","[3554064]","","","","","","","",""
"Cable Tray Fittings","","","M_Channel Vertical Outside Bend","[3560748]","","","","","","","",""
"Cable Tray Fittings","","","M_Channel Vertical Outside Bend","[3560844]","","","","","","","",""
"Cable Tray Fittings","","","M_Channel Vertical Outside Bend","[3563287]","","","","","","","",""
"Cable Tray Fittings","","","M_Channel Vertical Outside Bend","[3567225]","","","","","","","",""
"Cable Tray Fittings","","","M_Channel Vertical Outside Bend","[3568654]","","","","","","","",""
"Cable Tray Fittings","","","M_Channel Horizontal Tee","[3478573]","","","","","","","",""
"Cable Tray Fittings","","","M_Channel Horizontal Tee","[3495873]","","","","","","","",""
"Cable Tray Fittings","","","M_Channel Horizontal Tee","[3529999]","","","","","","","",""
"Cable Tray Fittings","","","M_Channel Horizontal Tee","[3530380]","","","","","","","",""
"Cable Tray Fittings","","","M_Channel Horizontal Tee","[3533303]","","","","","","","",""
"Cable Tray Fittings","","","M_Channel Horizontal Tee","[3535232]","","","","","","","",""
"Cable Tray Fittings","","","M_Channel Horizontal Tee","[3543926]","","","","","","","",""
"Cable Tray Fittings","","","M_Channel Horizontal Tee","[3546643]","","","","","","","",""