AS3_PRECISE_ARC_ALL_RVT-2020_0004.0003.rvt,dXJuOmFkc2sub2JqZWN0czpvcy5vYmplY3Q6YmltdmV0YnVja2V0L0FTM19QUkVDSVNFX0FSQ19BTExfUlZULTIwMjBfMDAwNC4wMDAzLnJ2dA
AS3_PRECISE_ARC_ALL_RVT-2020_0004.0004.rvt,dXJuOmFkc2sub2JqZWN0czpvcy5vYmplY3Q6YmltdmV0YnVja2V0L0FTM19QUkVDSVNFX0FSQ19BTExfUlZULTIwMjBfMDAwNC4wMDA0LnJ2dA
AS3_PRECISE_ARC_ALL_RVT-2020_0004.rvt,dXJuOmFkc2sub2JqZWN0czpvcy5vYmplY3Q6YmltdmV0YnVja2V0L0FTM19QUkVDSVNFX0FSQ19BTExfUlZULTIwMjBfMDAwNC5ydnQ
AS3_PRECISE_ARC_SITE_RVT_2020_0004.rvt,dXJuOmFkc2sub2JqZWN0czpvcy5vYmplY3Q6YmltdmV0YnVja2V0L0FTM19QUkVDSVNFX0FSQ19TSVRFX1JWVF8yMDIwXzAwMDQucnZ0
AS3_PRECISE_ARC_U01&03_RVT-2020_0004.rvt,dXJuOmFkc2sub2JqZWN0czpvcy5vYmplY3Q6YmltdmV0YnVja2V0L0FTM19QUkVDSVNFX0FSQ19VMDEmMDNfUlZULTIwMjBfMDAwNC5ydnQ
AS3_PRECISE_ARC_U02_RVT-2020_0004.rvt,dXJuOmFkc2sub2JqZWN0czpvcy5vYmplY3Q6YmltdmV0YnVja2V0L0FTM19QUkVDSVNFX0FSQ19VMDJfUlZULTIwMjBfMDAwNC5ydnQ
AS3_PRECISE_ARC_U04&06_RVT-2020_0004.rvt,dXJuOmFkc2sub2JqZWN0czpvcy5vYmplY3Q6YmltdmV0YnVja2V0L0FTM19QUkVDSVNFX0FSQ19VMDQmMDZfUlZULTIwMjBfMDAwNC5ydnQ
AS3_PRECISE_ARC_U05&07_RVT-2020_0004.rvt,dXJuOmFkc2sub2JqZWN0czpvcy5vYmplY3Q6YmltdmV0YnVja2V0L0FTM19QUkVDSVNFX0FSQ19VMDUmMDdfUlZULTIwMjBfMDAwNC5ydnQ
AS3_PRECISE_ARC_U08&10_RVT-2020_0004.rvt,dXJuOmFkc2sub2JqZWN0czpvcy5vYmplY3Q6YmltdmV0YnVja2V0L0FTM19QUkVDSVNFX0FSQ19VMDgmMTBfUlZULTIwMjBfMDAwNC5ydnQ
AS3_PRECISE_C&S_U01&03_RVT-2020_0004.rvt,dXJuOmFkc2sub2JqZWN0czpvcy5vYmplY3Q6YmltdmV0YnVja2V0L0FTM19QUkVDSVNFX0MmU19VMDEmMDNfUlZULTIwMjBfMDAwNC5ydnQ
AS3_PRECISE_C&S_U02_RVT-2020_0004.rvt,dXJuOmFkc2sub2JqZWN0czpvcy5vYmplY3Q6YmltdmV0YnVja2V0L0FTM19QUkVDSVNFX0MmU19VMDJfUlZULTIwMjBfMDAwNC5ydnQ
AS3_PRECISE_C&S_U04&06_RVT-2020_0004.rvt,dXJuOmFkc2sub2JqZWN0czpvcy5vYmplY3Q6YmltdmV0YnVja2V0L0FTM19QUkVDSVNFX0MmU19VMDQmMDZfUlZULTIwMjBfMDAwNC5ydnQ
AS3_PRECISE_C&S_U05&07_RVT-2020_0004.rvt,dXJuOmFkc2sub2JqZWN0czpvcy5vYmplY3Q6YmltdmV0YnVja2V0L0FTM19QUkVDSVNFX0MmU19VMDUmMDdfUlZULTIwMjBfMDAwNC5ydnQ
AS3_PRECISE_C&S_U08&10_RVT-2020_0004.rvt,dXJuOmFkc2sub2JqZWN0czpvcy5vYmplY3Q6YmltdmV0YnVja2V0L0FTM19QUkVDSVNFX0MmU19VMDgmMTBfUlZULTIwMjBfMDAwNC5ydnQ
AS3_PRECISE_ELE_ALL_RVT-2020_00004.rvt,dXJuOmFkc2sub2JqZWN0czpvcy5vYmplY3Q6YmltdmV0YnVja2V0L0FTM19QUkVDSVNFX0VMRV9BTExfUlZULTIwMjBfMDAwMDQucnZ0
AS3_PRECISE_M&P_ALL_RVT-2020_00003.rvt,dXJuOmFkc2sub2JqZWN0czpvcy5vYmplY3Q6YmltdmV0YnVja2V0L0FTM19QUkVDSVNFX00mUF9BTExfUlZULTIwMjBfMDAwMDMucnZ0
AS3_PRECISE_M&P_ALL_RVT-2020_00004.rvt,dXJuOmFkc2sub2JqZWN0czpvcy5vYmplY3Q6YmltdmV0YnVja2V0L0FTM19QUkVDSVNFX00mUF9BTExfUlZULTIwMjBfMDAwMDQucnZ0
AS3_PRECISE_M&P_ALL_RVT-2020_00005.rvt,dXJuOmFkc2sub2JqZWN0czpvcy5vYmplY3Q6YmltdmV0YnVja2V0L0FTM19QUkVDSVNFX00mUF9BTExfUlZULTIwMjBfMDAwMDUucnZ0
JTC SPACE @ GUL CIRCLE_ARCHITECTURAL_2019ver.rvt,dXJuOmFkc2sub2JqZWN0czpvcy5vYmplY3Q6YmltdmV0YnVja2V0L0pUQyUyMFNQQUNFJTIwQCUyMEdVTCUyMENJUkNMRV9BUkNISVRFQ1RVUkFMXzIwMTl2ZXIucnZ0
,
SCS-BOUS-BIM-ST-NA-ALL-ALL-ALL-RVT20004.rvt,dXJuOmFkc2sub2JqZWN0czpvcy5vYmplY3Q6YmltdmV0YnVja2V0L1NDUy1CT1VTLUJJTS1TVC1OQS1BTEwtQUxMLUFMTC1SVlQyMDAwNC5ydnQ
SCS-NE-BIM-EL-EG-ALL-ALL-ALL-RVT20005.rvt,dXJuOmFkc2sub2JqZWN0czpvcy5vYmplY3Q6YmltdmV0YnVja2V0L1NDUy1ORS1CSU0tRUwtRUctQUxMLUFMTC1BTEwtUlZUMjAwMDUucnZ0
SCS-TLEC-BIM-ME-PL-ALL-ALL-ALL-RVT20005.rvt,dXJuOmFkc2sub2JqZWN0czpvcy5vYmplY3Q6YmltdmV0YnVja2V0L1NDUy1UTEVDLUJJTS1NRS1QTC1BTEwtQUxMLUFMTC1SVlQyMDAwNS5ydnQ
SCS-DLM-BIM-ME-ACMV-ALL-ALL-ALL-RVT20004.rvt,dXJuOmFkc2sub2JqZWN0czpvcy5vYmplY3Q6YmltdmV0YnVja2V0L1NDUy1ETE0tQklNLU1FLUFDTVYtQUxMLUFMTC1BTEwtUlZUMjAwMDQucnZ0
SCS-CC-BIM-AR-SIGN-ALL-ALL-ALL-RVT20003.rvt,dXJuOmFkc2sub2JqZWN0czpvcy5vYmplY3Q6YmltdmV0YnVja2V0L1NDUy1DQy1CSU0tQVItU0lHTi1BTEwtQUxMLUFMTC1SVlQyMDAwMy5ydnQ
SCS-BOUS-BIM-AR-NA-ALL-ALL-ALL-RVT20004.rvt,dXJuOmFkc2sub2JqZWN0czpvcy5vYmplY3Q6YmltdmV0YnVja2V0L1NDUy1CT1VTLUJJTS1BUi1OQS1BTEwtQUxMLUFMTC1SVlQyMDAwNC5ydnQ
SCS-GTM-BIM-ST-STL-ALL-ALL-ALL-RVT20002.rvt,dXJuOmFkc2sub2JqZWN0czpvcy5vYmplY3Q6YmltdmV0YnVja2V0L1NDUy1HVE0tQklNLVNULVNUTC1BTEwtQUxMLUFMTC1SVlQyMDAwMi5ydnQ
SCS-USS-BIM-ST-PCT-ALL-ALL-ALL-RVT20003.rvt,dXJuOmFkc2sub2JqZWN0czpvcy5vYmplY3Q6YmltdmV0YnVja2V0L1NDUy1VU1MtQklNLVNULVBDVC1BTEwtQUxMLUFMTC1SVlQyMDAwMy5ydnQ
SCS-SHF-BIM-ME-FP-ALL-ALL-ALL-RVT20005.rvt,dXJuOmFkc2sub2JqZWN0czpvcy5vYmplY3Q6YmltdmV0YnVja2V0L1NDUy1TSEYtQklNLU1FLUZQLUFMTC1BTEwtQUxMLVJWVDIwMDA1LnJ2dA
SCS-BOUS-BIM-FED-CCSM-ALL-ALL-ALL-RVT20002.rvt,dXJuOmFkc2sub2JqZWN0czpvcy5vYmplY3Q6YmltdmV0YnVja2V0L1NDUy1CT1VTLUJJTS1GRUQtQ0NTTS1BTEwtQUxMLUFMTC1SVlQyMDAwMi5ydnQ
SCS-DESH-BIM-AR-FAC-ALL-ALL-ALL-RVT20002.rvt,dXJuOmFkc2sub2JqZWN0czpvcy5vYmplY3Q6YmltdmV0YnVja2V0L1NDUy1ERVNILUJJTS1BUi1GQUMtQUxMLUFMTC1BTEwtUlZUMjAwMDIucnZ0
SCS-WS-BIM-AR-FAC-ALL-ALL-ALL-RVT20002.rvt,dXJuOmFkc2sub2JqZWN0czpvcy5vYmplY3Q6YmltdmV0YnVja2V0L1NDUy1XUy1CSU0tQVItRkFDLUFMTC1BTEwtQUxMLVJWVDIwMDAyLnJ2dA
,
MSRF_BPEC_ME_ALL_RVT-2019_00009.rvt,dXJuOmFkc2sub2JqZWN0czpvcy5vYmplY3Q6YmltdmV0YnVja2V0L01TUkZfQlBFQ19NRV9BTExfUlZULTIwMTlfMDAwMDkucnZ0
MSRF_BPEC_EL_ALL_RVT-2019_00001.rvt,dXJuOmFkc2sub2JqZWN0czpvcy5vYmplY3Q6YmltdmV0YnVja2V0L01TUkZfQlBFQ19FTF9BTExfUlZULTIwMTlfMDAwMDEucnZ0
MSRF_BPEC_CS_C_RVT-2019_00007.rvt,dXJuOmFkc2sub2JqZWN0czpvcy5vYmplY3Q6YmltdmV0YnVja2V0L01TUkZfQlBFQ19DU19DX1JWVC0yMDE5XzAwMDA3LnJ2dA
MSRF_BPEC_CS_B_RVT-2019_00006.rvt,dXJuOmFkc2sub2JqZWN0czpvcy5vYmplY3Q6YmltdmV0YnVja2V0L01TUkZfQlBFQ19DU19CX1JWVC0yMDE5XzAwMDA2LnJ2dA
MSRF_BPEC_CS_A_RVT-2019_00005.rvt,dXJuOmFkc2sub2JqZWN0czpvcy5vYmplY3Q6YmltdmV0YnVja2V0L01TUkZfQlBFQ19DU19BX1JWVC0yMDE5XzAwMDA1LnJ2dA
MSRF_BPEC_AR_ALL_RVT-2019_00032.rvt,dXJuOmFkc2sub2JqZWN0czpvcy5vYmplY3Q6YmltdmV0YnVja2V0L01TUkZfQlBFQ19BUl9BTExfUlZULTIwMTlfMDAwMzIucnZ0
MSRF_BPEC_AR_C_RVT-2019_00022.rvt,dXJuOmFkc2sub2JqZWN0czpvcy5vYmplY3Q6YmltdmV0YnVja2V0L01TUkZfQlBFQ19BUl9DX1JWVC0yMDE5XzAwMDIyLnJ2dA
MSRF_BPEC_AR_B_RVT-2019_00021.rvt,dXJuOmFkc2sub2JqZWN0czpvcy5vYmplY3Q6YmltdmV0YnVja2V0L01TUkZfQlBFQ19BUl9CX1JWVC0yMDE5XzAwMDIxLnJ2dA
MSRF_BPEC_CS_ALL_RVT-2019_00015.rvt,dXJuOmFkc2sub2JqZWN0czpvcy5vYmplY3Q6YmltdmV0YnVja2V0L01TUkZfQlBFQ19DU19BTExfUlZULTIwMTlfMDAwMTUucnZ0
MSRF_BPEC_AR_A_RVT-2019_00020.rvt,dXJuOmFkc2sub2JqZWN0czpvcy5vYmplY3Q6YmltdmV0YnVja2V0L01TUkZfQlBFQ19BUl9BX1JWVC0yMDE5XzAwMDIwLnJ2dA
,
CT2B_BHCC_ME_SB_RVT-2019_00006.rvt,dXJuOmFkc2sub2JqZWN0czpvcy5vYmplY3Q6YmltdmV0YnVja2V0L0NUMkJfQkhDQ19NRV9TQl9SVlQtMjAxOV8wMDAwNi5ydnQ
JTCFH_AB-V2019 (CONSOLIDATED)-MEP only.rvt,dXJuOmFkc2sub2JqZWN0czpvcy5vYmplY3Q6YmltdmV0YnVja2V0L0pUQ0ZIX0FCLVYyMDE5JTIwKENPTlNPTElEQVRFRCktTUVQJTIwb25seS5ydnQ
CT2B_BHCC_EL_SB_RVT-2019_00002.rvt,dXJuOmFkc2sub2JqZWN0czpvcy5vYmplY3Q6YmltdmV0YnVja2V0L0NUMkJfQkhDQ19FTF9TQl9SVlQtMjAxOV8wMDAwMi5ydnQ
JTCFH_AB-V2019 (CONSOLIDATED).rvt,dXJuOmFkc2sub2JqZWN0czpvcy5vYmplY3Q6YmltdmV0YnVja2V0L0pUQ0ZIX0FCLVYyMDE5JTIwKENPTlNPTElEQVRFRCkucnZ0
CT2B_BHCC_AR_SB_RVT-2019_00002.rvt,dXJuOmFkc2sub2JqZWN0czpvcy5vYmplY3Q6YmltdmV0YnVja2V0L0NUMkJfQkhDQ19BUl9TQl9SVlQtMjAxOV8wMDAwMi5ydnQ
CT2B_BHCC_CS_SB_RVT-2019_00003.rvt,dXJuOmFkc2sub2JqZWN0czpvcy5vYmplY3Q6YmltdmV0YnVja2V0L0NUMkJfQkhDQ19DU19TQl9SVlQtMjAxOV8wMDAwMy5ydnQ
CT2B_BHCC_EL_SB_RVT-2019_00003.rvt,dXJuOmFkc2sub2JqZWN0czpvcy5vYmplY3Q6YmltdmV0YnVja2V0L0NUMkJfQkhDQ19FTF9TQl9SVlQtMjAxOV8wMDAwMy5ydnQ
CT2B_BHCC_ME_SB_RVT-2019_00003.rvt,dXJuOmFkc2sub2JqZWN0czpvcy5vYmplY3Q6YmltdmV0YnVja2V0L0NUMkJfQkhDQ19NRV9TQl9SVlQtMjAxOV8wMDAwMy5ydnQ
JTCFH_STCAR3D001_AB2017.rvt,dXJuOmFkc2sub2JqZWN0czpvcy5vYmplY3Q6YmltdmV0YnVja2V0L0pUQ0ZIX1NUQ0FSM0QwMDFfQUIyMDE3LnJ2dA
CT2B-BHCC-PCST-RVT-2019-0001.rvt,dXJuOmFkc2sub2JqZWN0czpvcy5vYmplY3Q6YmltdmV0YnVja2V0L0NUMkItQkhDQy1QQ1NULVJWVC0yMDE5LTAwMDEucnZ0
CT2B_BHCC_ME_SB_RVT-2019_00004.rvt,dXJuOmFkc2sub2JqZWN0czpvcy5vYmplY3Q6YmltdmV0YnVja2V0L0NUMkJfQkhDQ19NRV9TQl9SVlQtMjAxOV8wMDAwNC5ydnQ
,
WNC_LC_BD2ZZ_M3_AR_FACADE MODEL_R18.rvt,dXJuOmFkc2sub2JqZWN0czpvcy5vYmplY3Q6YmltdmV0YnVja2V0L1dOQ19MQ19CRDJaWl9NM19BUl9GQUNBREUlMjBNT0RFTF9SMTgucnZ0
WNC_LC_BD2ZZ_M3_AR_FACADE_CURTAIN WALL_R18.rvt,dXJuOmFkc2sub2JqZWN0czpvcy5vYmplY3Q6YmltdmV0YnVja2V0L1dOQ19MQ19CRDJaWl9NM19BUl9GQUNBREVfQ1VSVEFJTiUyMFdBTExfUjE4LnJ2dA
WNC_LC_BD2ZZ_M3_CS_OVERALL MODEL_R18.rvt,dXJuOmFkc2sub2JqZWN0czpvcy5vYmplY3Q6YmltdmV0YnVja2V0L1dOQ19MQ19CRDJaWl9NM19DU19PVkVSQUxMJTIwTU9ERUxfUjE4LnJ2dA
WNC_LC_BD2L2_M3_CS_MODEL_R18.rvt,dXJuOmFkc2sub2JqZWN0czpvcy5vYmplY3Q6YmltdmV0YnVja2V0L1dOQ19MQ19CRDJMMl9NM19DU19NT0RFTF9SMTgucnZ0
WNC_LC_BD2ZZ_M3_MEP_OVERALL MODEL_R18.rvt,dXJuOmFkc2sub2JqZWN0czpvcy5vYmplY3Q6YmltdmV0YnVja2V0L1dOQ19MQ19CRDJaWl9NM19NRVBfT1ZFUkFMTCUyME1PREVMX1IxOC5ydnQ
WNC_LC_BD2LRF_M3_AR_R18.rvt,dXJuOmFkc2sub2JqZWN0czpvcy5vYmplY3Q6YmltdmV0YnVja2V0L1dOQ19MQ19CRDJMUkZfTTNfQVJfUjE4LnJ2dA
WNC_LC_BD2ZZ_M3_ACMV_OVERALL MODEL_R18_CSD.rvt,dXJuOmFkc2sub2JqZWN0czpvcy5vYmplY3Q6YmltdmV0YnVja2V0L1dOQ19MQ19CRDJaWl9NM19BQ01WX09WRVJBTEwlMjBNT0RFTF9SMThfQ1NELnJ2dA
WNC_LC_BD2L3_M3_CS_MODEL_R18.rvt,dXJuOmFkc2sub2JqZWN0czpvcy5vYmplY3Q6YmltdmV0YnVja2V0L1dOQ19MQ19CRDJMM19NM19DU19NT0RFTF9SMTgucnZ0
WNC_LC_BD2URF_M3_CS_MODEL_R18.rvt,dXJuOmFkc2sub2JqZWN0czpvcy5vYmplY3Q6YmltdmV0YnVja2V0L1dOQ19MQ19CRDJVUkZfTTNfQ1NfTU9ERUxfUjE4LnJ2dA
WNC_LC_BD2ZZ_M3_OVERALL MODEL_R18.rvt,dXJuOmFkc2sub2JqZWN0czpvcy5vYmplY3Q6YmltdmV0YnVja2V0L1dOQ19MQ19CRDJaWl9NM19PVkVSQUxMJTIwTU9ERUxfUjE4LnJ2dA
WNC_LC_BD2L2_M3_AR_R18.rvt,dXJuOmFkc2sub2JqZWN0czpvcy5vYmplY3Q6YmltdmV0YnVja2V0L1dOQ19MQ19CRDJMMl9NM19BUl9SMTgucnZ0
WNC_LC_BD2ZZ_M3_AR_OVERALL MODEL_R18.rvt,dXJuOmFkc2sub2JqZWN0czpvcy5vYmplY3Q6YmltdmV0YnVja2V0L1dOQ19MQ19CRDJaWl9NM19BUl9PVkVSQUxMJTIwTU9ERUxfUjE4LnJ2dA
WNC_LC_BD2L4_M3_CS_MODEL_R18.rvt,dXJuOmFkc2sub2JqZWN0czpvcy5vYmplY3Q6YmltdmV0YnVja2V0L1dOQ19MQ19CRDJMNF9NM19DU19NT0RFTF9SMTgucnZ0
L166_WNC_OVERALL MODEL_R18.rvt,dXJuOmFkc2sub2JqZWN0czpvcy5vYmplY3Q6YmltdmV0YnVja2V0L0wxNjZfV05DX09WRVJBTEwlMjBNT0RFTF9SMTgucnZ0
WNC_LC_BD2L3_M3_AR_R18.rvt,dXJuOmFkc2sub2JqZWN0czpvcy5vYmplY3Q6YmltdmV0YnVja2V0L1dOQ19MQ19CRDJMM19NM19BUl9SMTgucnZ0
WNC_LC_BD2ZZ_M3_LF_OVERALL MODEL_R18_CSD.rvt,dXJuOmFkc2sub2JqZWN0czpvcy5vYmplY3Q6YmltdmV0YnVja2V0L1dOQ19MQ19CRDJaWl9NM19MRl9PVkVSQUxMJTIwTU9ERUxfUjE4X0NTRC5ydnQ
WNC_LC_BD2L5_M3_CS_MODEL_R18.rvt,dXJuOmFkc2sub2JqZWN0czpvcy5vYmplY3Q6YmltdmV0YnVja2V0L1dOQ19MQ19CRDJMNV9NM19DU19NT0RFTF9SMTgucnZ0
WNC_LC_BD2L4_M3_AR_R18.rvt,dXJuOmFkc2sub2JqZWN0czpvcy5vYmplY3Q6YmltdmV0YnVja2V0L1dOQ19MQ19CRDJMNF9NM19BUl9SMTgucnZ0
WNC_LC_BD2ZZ_M3_EV_OVERALL MODEL_R18_CSD.rvt,dXJuOmFkc2sub2JqZWN0czpvcy5vYmplY3Q6YmltdmV0YnVja2V0L1dOQ19MQ19CRDJaWl9NM19FVl9PVkVSQUxMJTIwTU9ERUxfUjE4X0NTRC5ydnQ
WNC_LC_BD2L5_M3_AR_R18.rvt,dXJuOmFkc2sub2JqZWN0czpvcy5vYmplY3Q6YmltdmV0YnVja2V0L1dOQ19MQ19CRDJMNV9NM19BUl9SMTgucnZ0
L166_GRIDLINES.rvt,dXJuOmFkc2sub2JqZWN0czpvcy5vYmplY3Q6YmltdmV0YnVja2V0L0wxNjZfR1JJRExJTkVTLnJ2dA
WNC_LC_BD2L6_M3_CS_MODEL_R18.rvt,dXJuOmFkc2sub2JqZWN0czpvcy5vYmplY3Q6YmltdmV0YnVja2V0L1dOQ19MQ19CRDJMNl9NM19DU19NT0RFTF9SMTgucnZ0
WNC_LC_BD2L6_M3_AR_R18.rvt,dXJuOmFkc2sub2JqZWN0czpvcy5vYmplY3Q6YmltdmV0YnVja2V0L1dOQ19MQ19CRDJMNl9NM19BUl9SMTgucnZ0
WNC_LC_BD2ZZ_M3_EL_OVERALL MODEL_R18_CSD.rvt,dXJuOmFkc2sub2JqZWN0czpvcy5vYmplY3Q6YmltdmV0YnVja2V0L1dOQ19MQ19CRDJaWl9NM19FTF9PVkVSQUxMJTIwTU9ERUxfUjE4X0NTRC5ydnQ
WNC_LC_BD2L7_M3_CS_MODEL_R18.rvt,dXJuOmFkc2sub2JqZWN0czpvcy5vYmplY3Q6YmltdmV0YnVja2V0L1dOQ19MQ19CRDJMN19NM19DU19NT0RFTF9SMTgucnZ0
WNC_LC_BD2ZZ_M3_PL_OVERALL MODEL_R18_CSD.rvt,dXJuOmFkc2sub2JqZWN0czpvcy5vYmplY3Q6YmltdmV0YnVja2V0L1dOQ19MQ19CRDJaWl9NM19QTF9PVkVSQUxMJTIwTU9ERUxfUjE4X0NTRC5ydnQ
WNC_LC_00L1_M3_CS_SITE MODEL_R18.rvt,dXJuOmFkc2sub2JqZWN0czpvcy5vYmplY3Q6YmltdmV0YnVja2V0L1dOQ19MQ18wMEwxX00zX0NTX1NJVEUlMjBNT0RFTF9SMTgucnZ0
WNC_LC_BD2L7_M3_AR_R18.rvt,dXJuOmFkc2sub2JqZWN0czpvcy5vYmplY3Q6YmltdmV0YnVja2V0L1dOQ19MQ19CRDJMN19NM19BUl9SMTgucnZ0
WNC_LC_BD2ZZ_M3_CS_STAIRS_R18.rvt,dXJuOmFkc2sub2JqZWN0czpvcy5vYmplY3Q6YmltdmV0YnVja2V0L1dOQ19MQ19CRDJaWl9NM19DU19TVEFJUlNfUjE4LnJ2dA
WNC_LC_BD2LRF_M3_CS_MODEL_R18.rvt,dXJuOmFkc2sub2JqZWN0czpvcy5vYmplY3Q6YmltdmV0YnVja2V0L1dOQ19MQ19CRDJMUkZfTTNfQ1NfTU9ERUxfUjE4LnJ2dA
WNC_LC_BD2L8_M3_CS_MODEL_R18.rvt,dXJuOmFkc2sub2JqZWN0czpvcy5vYmplY3Q6YmltdmV0YnVja2V0L1dOQ19MQ19CRDJMOF9NM19DU19NT0RFTF9SMTgucnZ0
WNC_LC_BD2L8_M3_AR_R18.rvt,dXJuOmFkc2sub2JqZWN0czpvcy5vYmplY3Q6YmltdmV0YnVja2V0L1dOQ19MQ19CRDJMOF9NM19BUl9SMTgucnZ0
WNC_LC_BD2ZZ_M3_LF_TRUNKING MODEL_R18_CSD.rvt,dXJuOmFkc2sub2JqZWN0czpvcy5vYmplY3Q6YmltdmV0YnVja2V0L1dOQ19MQ19CRDJaWl9NM19MRl9UUlVOS0lORyUyME1PREVMX1IxOF9DU0QucnZ0
WNC_LC_BD2ZZ_M3_IR_OVERALL MODEL_R18_CSD.rvt,dXJuOmFkc2sub2JqZWN0czpvcy5vYmplY3Q6YmltdmV0YnVja2V0L1dOQ19MQ19CRDJaWl9NM19JUl9PVkVSQUxMJTIwTU9ERUxfUjE4X0NTRC5ydnQ
WNC_LC_BD2ZZ_M3_FP_OVERALL MODEL_R18_CSD.rvt,dXJuOmFkc2sub2JqZWN0czpvcy5vYmplY3Q6YmltdmV0YnVja2V0L1dOQ19MQ19CRDJaWl9NM19GUF9PVkVSQUxMJTIwTU9ERUxfUjE4X0NTRC5ydnQ
,
WNC_LC_BD1ZZ_M3_IR_OVERALL MODEL_R18_CSD.rvt,dXJuOmFkc2sub2JqZWN0czpvcy5vYmplY3Q6YmltdmV0YnVja2V0L1dOQ19MQ19CRDFaWl9NM19JUl9PVkVSQUxMJTIwTU9ERUxfUjE4X0NTRC5ydnQ
WNC_LC_BD1L9_M3_AR_R18.rvt,dXJuOmFkc2sub2JqZWN0czpvcy5vYmplY3Q6YmltdmV0YnVja2V0L1dOQ19MQ19CRDFMOV9NM19BUl9SMTgucnZ0
WNC_LC_BD1ZZ_M3_FP_OVERALL MODEL_R18_CSD.rvt,dXJuOmFkc2sub2JqZWN0czpvcy5vYmplY3Q6YmltdmV0YnVja2V0L1dOQ19MQ19CRDFaWl9NM19GUF9PVkVSQUxMJTIwTU9ERUxfUjE4X0NTRC5ydnQ
WNC_LC_BD1L5_M3_AR_FACADE_R18.rvt,dXJuOmFkc2sub2JqZWN0czpvcy5vYmplY3Q6YmltdmV0YnVja2V0L1dOQ19MQ19CRDFMNV9NM19BUl9GQUNBREVfUjE4LnJ2dA
WNC_LC_BD1L8_M3_CS_MODEL_R18.rvt,dXJuOmFkc2sub2JqZWN0czpvcy5vYmplY3Q6YmltdmV0YnVja2V0L1dOQ19MQ19CRDFMOF9NM19DU19NT0RFTF9SMTgucnZ0
WNC_LC_BD1L6_M3_AR_FACADE_R18.rvt,dXJuOmFkc2sub2JqZWN0czpvcy5vYmplY3Q6YmltdmV0YnVja2V0L1dOQ19MQ19CRDFMNl9NM19BUl9GQUNBREVfUjE4LnJ2dA
WNC_LC_BD1L9_M3_CS_MODEL_R18.rvt,dXJuOmFkc2sub2JqZWN0czpvcy5vYmplY3Q6YmltdmV0YnVja2V0L1dOQ19MQ19CRDFMOV9NM19DU19NT0RFTF9SMTgucnZ0
L166_BASEMENT_OVERALL MODEL_R18.rvt,dXJuOmFkc2sub2JqZWN0czpvcy5vYmplY3Q6YmltdmV0YnVja2V0L0wxNjZfQkFTRU1FTlRfT1ZFUkFMTCUyME1PREVMX1IxOC5ydnQ
WNC_LC_00L1_M3_AR_R18.rvt,dXJuOmFkc2sub2JqZWN0czpvcy5vYmplY3Q6YmltdmV0YnVja2V0L1dOQ19MQ18wMEwxX00zX0FSX1IxOC5ydnQ
WNC_LC_BD1L7_M3_AR_FACADE_R18.rvt,dXJuOmFkc2sub2JqZWN0czpvcy5vYmplY3Q6YmltdmV0YnVja2V0L1dOQ19MQ19CRDFMN19NM19BUl9GQUNBREVfUjE4LnJ2dA
WNC_LC_BD1L2_M3_CS_MODEL_R18.rvt,dXJuOmFkc2sub2JqZWN0czpvcy5vYmplY3Q6YmltdmV0YnVja2V0L1dOQ19MQ19CRDFMMl9NM19DU19NT0RFTF9SMTgucnZ0
WNC_LC_BD1L8_M3_AR_FACADE_R18.rvt,dXJuOmFkc2sub2JqZWN0czpvcy5vYmplY3Q6YmltdmV0YnVja2V0L1dOQ19MQ19CRDFMOF9NM19BUl9GQUNBREVfUjE4LnJ2dA
WNC_LC_BD1L2_M3_AR_R18.rvt,dXJuOmFkc2sub2JqZWN0czpvcy5vYmplY3Q6YmltdmV0YnVja2V0L1dOQ19MQ19CRDFMMl9NM19BUl9SMTgucnZ0
WNC_LC_BD1ZZ_M3_CS_STAIRS_R18.rvt,dXJuOmFkc2sub2JqZWN0czpvcy5vYmplY3Q6YmltdmV0YnVja2V0L1dOQ19MQ19CRDFaWl9NM19DU19TVEFJUlNfUjE4LnJ2dA
WNC_LC_BD1ZZ_M3_LF_TRUNKING MODEL_R18_CSD.rvt,dXJuOmFkc2sub2JqZWN0czpvcy5vYmplY3Q6YmltdmV0YnVja2V0L1dOQ19MQ19CRDFaWl9NM19MRl9UUlVOS0lORyUyME1PREVMX1IxOF9DU0QucnZ0
WNC_LC_BD1LRF_M3_CS_MODEL_R18.rvt,dXJuOmFkc2sub2JqZWN0czpvcy5vYmplY3Q6YmltdmV0YnVja2V0L1dOQ19MQ19CRDFMUkZfTTNfQ1NfTU9ERUxfUjE4LnJ2dA
WNC_LC_BD1L9_M3_AR_FACADE_R18.rvt,dXJuOmFkc2sub2JqZWN0czpvcy5vYmplY3Q6YmltdmV0YnVja2V0L1dOQ19MQ19CRDFMOV9NM19BUl9GQUNBREVfUjE4LnJ2dA
WNC_LC_BD1L3_M3_AR_R18.rvt,dXJuOmFkc2sub2JqZWN0czpvcy5vYmplY3Q6YmltdmV0YnVja2V0L1dOQ19MQ19CRDFMM19NM19BUl9SMTgucnZ0
WNC_LC_BD1L3_M3_CS_MODEL_R18.rvt,dXJuOmFkc2sub2JqZWN0czpvcy5vYmplY3Q6YmltdmV0YnVja2V0L1dOQ19MQ19CRDFMM19NM19DU19NT0RFTF9SMTgucnZ0
WNC_LC_00L1_M3_CS_CARPARK_R18.rvt,dXJuOmFkc2sub2JqZWN0czpvcy5vYmplY3Q6YmltdmV0YnVja2V0L1dOQ19MQ18wMEwxX00zX0NTX0NBUlBBUktfUjE4LnJ2dA
WNC_LC_00L1_M3_CS_R18.rvt,dXJuOmFkc2sub2JqZWN0czpvcy5vYmplY3Q6YmltdmV0YnVja2V0L1dOQ19MQ18wMEwxX00zX0NTX1IxOC5ydnQ
L166_BASEMENT_SUMPS.rvt,dXJuOmFkc2sub2JqZWN0czpvcy5vYmplY3Q6YmltdmV0YnVja2V0L0wxNjZfQkFTRU1FTlRfU1VNUFMucnZ0
WNC_LC_BD1ZZ_M3_LF_OVERALL MODEL_R18_CSD.rvt,dXJuOmFkc2sub2JqZWN0czpvcy5vYmplY3Q6YmltdmV0YnVja2V0L1dOQ19MQ19CRDFaWl9NM19MRl9PVkVSQUxMJTIwTU9ERUxfUjE4X0NTRC5ydnQ
WNC_LC_00L1_M3_AR_CARPARK_R18.rvt,dXJuOmFkc2sub2JqZWN0czpvcy5vYmplY3Q6YmltdmV0YnVja2V0L1dOQ19MQ18wMEwxX00zX0FSX0NBUlBBUktfUjE4LnJ2dA
WNC_LC_BD1L4_M3_AR_R18.rvt,dXJuOmFkc2sub2JqZWN0czpvcy5vYmplY3Q6YmltdmV0YnVja2V0L1dOQ19MQ19CRDFMNF9NM19BUl9SMTgucnZ0
WNC_LC_BD1ZZ_M3_EV_OVERALL MODEL_R18_CSD.rvt,dXJuOmFkc2sub2JqZWN0czpvcy5vYmplY3Q6YmltdmV0YnVja2V0L1dOQ19MQ19CRDFaWl9NM19FVl9PVkVSQUxMJTIwTU9ERUxfUjE4X0NTRC5ydnQ
WNC_LC_BD1L4_M3_CS_MODEL_R18.rvt,dXJuOmFkc2sub2JqZWN0czpvcy5vYmplY3Q6YmltdmV0YnVja2V0L1dOQ19MQ19CRDFMNF9NM19DU19NT0RFTF9SMTgucnZ0
WNC_LC_BD1ZZ_M3_MEP_OVERALL MODEL_R18.rvt,dXJuOmFkc2sub2JqZWN0czpvcy5vYmplY3Q6YmltdmV0YnVja2V0L1dOQ19MQ19CRDFaWl9NM19NRVBfT1ZFUkFMTCUyME1PREVMX1IxOC5ydnQ
WNC_LC_BD1ZZ_M3_ACMV_OVERALL MODEL_R18_CSD.rvt,dXJuOmFkc2sub2JqZWN0czpvcy5vYmplY3Q6YmltdmV0YnVja2V0L1dOQ19MQ19CRDFaWl9NM19BQ01WX09WRVJBTEwlMjBNT0RFTF9SMThfQ1NELnJ2dA
L166_BASEMENT_AR.rvt,dXJuOmFkc2sub2JqZWN0czpvcy5vYmplY3Q6YmltdmV0YnVja2V0L0wxNjZfQkFTRU1FTlRfQVIucnZ0
WNC_LC_BD1L5_M3_AR_R18.rvt,dXJuOmFkc2sub2JqZWN0czpvcy5vYmplY3Q6YmltdmV0YnVja2V0L1dOQ19MQ19CRDFMNV9NM19BUl9SMTgucnZ0
WNC_LC_BD1LR_M3_AR_FACADE_R18.rvt,dXJuOmFkc2sub2JqZWN0czpvcy5vYmplY3Q6YmltdmV0YnVja2V0L1dOQ19MQ19CRDFMUl9NM19BUl9GQUNBREVfUjE4LnJ2dA
WNC_LC_BD1L5_M3_CS_MODEL_R18.rvt,dXJuOmFkc2sub2JqZWN0czpvcy5vYmplY3Q6YmltdmV0YnVja2V0L1dOQ19MQ19CRDFMNV9NM19DU19NT0RFTF9SMTgucnZ0
WNC_LC_BD1ZZ_M3_OVERALL MODEL_R18.rvt,dXJuOmFkc2sub2JqZWN0czpvcy5vYmplY3Q6YmltdmV0YnVja2V0L1dOQ19MQ19CRDFaWl9NM19PVkVSQUxMJTIwTU9ERUxfUjE4LnJ2dA
WNC_LC_BD1L6_M3_AR_R18.rvt,dXJuOmFkc2sub2JqZWN0czpvcy5vYmplY3Q6YmltdmV0YnVja2V0L1dOQ19MQ19CRDFMNl9NM19BUl9SMTgucnZ0
WNC_LC_BD1ZZ_M3_CS_OVERALL MODEL_R18.rvt,dXJuOmFkc2sub2JqZWN0czpvcy5vYmplY3Q6YmltdmV0YnVja2V0L1dOQ19MQ19CRDFaWl9NM19DU19PVkVSQUxMJTIwTU9ERUxfUjE4LnJ2dA
WNC_LC_BD1LRF_M3_AR_R18.rvt,dXJuOmFkc2sub2JqZWN0czpvcy5vYmplY3Q6YmltdmV0YnVja2V0L1dOQ19MQ19CRDFMUkZfTTNfQVJfUjE4LnJ2dA
WNC_LC_BD1ZZ_M3_AR_FACADE MODEL_R18.rvt,dXJuOmFkc2sub2JqZWN0czpvcy5vYmplY3Q6YmltdmV0YnVja2V0L1dOQ19MQ19CRDFaWl9NM19BUl9GQUNBREUlMjBNT0RFTF9SMTgucnZ0
WNC_LC_BD1URF_M3_CS_MODEL_R18.rvt,dXJuOmFkc2sub2JqZWN0czpvcy5vYmplY3Q6YmltdmV0YnVja2V0L1dOQ19MQ19CRDFVUkZfTTNfQ1NfTU9ERUxfUjE4LnJ2dA
WNC_LC_BD1ZZ_M3_EL_OVERALL MODEL_R18_CSD.rvt,dXJuOmFkc2sub2JqZWN0czpvcy5vYmplY3Q6YmltdmV0YnVja2V0L1dOQ19MQ19CRDFaWl9NM19FTF9PVkVSQUxMJTIwTU9ERUxfUjE4X0NTRC5ydnQ
WNC_LC_BD1ZZ_M3_PL_OVERALL MODEL_R18_CSD.rvt,dXJuOmFkc2sub2JqZWN0czpvcy5vYmplY3Q6YmltdmV0YnVja2V0L1dOQ19MQ19CRDFaWl9NM19QTF9PVkVSQUxMJTIwTU9ERUxfUjE4X0NTRC5ydnQ
WNC_LC_BD1L6_M3_CS_MODEL_R18.rvt,dXJuOmFkc2sub2JqZWN0czpvcy5vYmplY3Q6YmltdmV0YnVja2V0L1dOQ19MQ19CRDFMNl9NM19DU19NT0RFTF9SMTgucnZ0
L166_ASBUILT_PILE.rvt,dXJuOmFkc2sub2JqZWN0czpvcy5vYmplY3Q6YmltdmV0YnVja2V0L0wxNjZfQVNCVUlMVF9QSUxFLnJ2dA
L166_BASEMENT_CS.rvt,dXJuOmFkc2sub2JqZWN0czpvcy5vYmplY3Q6YmltdmV0YnVja2V0L0wxNjZfQkFTRU1FTlRfQ1MucnZ0
WNC_LC_BD1L7_M3_AR_R18.rvt,dXJuOmFkc2sub2JqZWN0czpvcy5vYmplY3Q6YmltdmV0YnVja2V0L1dOQ19MQ19CRDFMN19NM19BUl9SMTgucnZ0
WNC_LC_BD1L3_M3_AR_FACADE_R18.rvt,dXJuOmFkc2sub2JqZWN0czpvcy5vYmplY3Q6YmltdmV0YnVja2V0L1dOQ19MQ19CRDFMM19NM19BUl9GQUNBREVfUjE4LnJ2dA
WNC_LC_BD1L4_M3_AR_FACADE_R18.rvt,dXJuOmFkc2sub2JqZWN0czpvcy5vYmplY3Q6YmltdmV0YnVja2V0L1dOQ19MQ19CRDFMNF9NM19BUl9GQUNBREVfUjE4LnJ2dA
WNC_LC_BD1L7_M3_CS_MODEL_R18.rvt,dXJuOmFkc2sub2JqZWN0czpvcy5vYmplY3Q6YmltdmV0YnVja2V0L1dOQ19MQ19CRDFMN19NM19DU19NT0RFTF9SMTgucnZ0
WNC_LC_BD1L8_M3_AR_R18.rvt,dXJuOmFkc2sub2JqZWN0czpvcy5vYmplY3Q6YmltdmV0YnVja2V0L1dOQ19MQ19CRDFMOF9NM19BUl9SMTgucnZ0
WNC_LC_BD1ZZ_M3_AR_OVERALL MODEL_R18.rvt,dXJuOmFkc2sub2JqZWN0czpvcy5vYmplY3Q6YmltdmV0YnVja2V0L1dOQ19MQ19CRDFaWl9NM19BUl9PVkVSQUxMJTIwTU9ERUxfUjE4LnJ2dA
